{
  "k8s": [],
  "images": [
    {
      "label": "regression",
      "image": "debian",
      "type": "oss",
      "marker": "'not upgrade'",
      "platforms": "linux/arm, linux/arm64, linux/amd64, linux/ppc64le, linux/s390x"
    },
    {
      "label": "regression",
      "image": "debian-plus",
      "type": "plus",
      "marker": "'not upgrade and not agent'",
      "platforms": "linux/arm64, linux/amd64"
    },
    {
      "label": "regression",
      "image": "debian-plus-nap",
      "type": "plus",
      "nap_modules": "waf",
      "marker": "'appprotect or agent'",
      "platforms": "linux/arm64, linux/amd64"
    },
    {
      "label": "regression",
      "image": "debian-plus-nap-v5",
      "type": "plus",
      "nap_modules": "waf",
      "marker": "appprotect_waf_v5",
      "platforms": "linux/arm64, linux/amd64"
    }
  ]
}
