{
  "__inputs": [
    {
      "name": "DS_PROMETHEUS",
      "label": "prometheus",
      "description": "",
      "type": "datasource",
      "pluginId": "prometheus",
      "pluginName": "Prometheus"
    }
  ],
  "__elements": {},
  "__requires": [
    {
      "type": "grafana",
      "id": "grafana",
      "name": "Grafana",
      "version": "11.2.0"
    },
    {
      "type": "datasource",
      "id": "prometheus",
      "name": "Prometheus",
      "version": "1.0.0"
    },
    {
      "type": "panel",
      "id": "stat",
      "name": "Stat",
      "version": ""
    },
    {
      "type": "panel",
      "id": "timeseries",
      "name": "Time series",
      "version": ""
    }
  ],
  "annotations": {
    "list": [
      {
        "builtIn": 1,
        "datasource": {
          "type": "datasource",
          "uid": "grafana"
        },
        "enable": true,
        "hide": true,
        "iconColor": "rgba(0, 211, 255, 1)",
        "name": "Annotations & Alerts",
        "type": "dashboard"
      }
    ]
  },
  "description": "A rich collection of Prometheus metrics from NGINX Plus Kubernetes Ingress Controller",
  "editable": true,
  "fiscalYearStartMonth": 0,
  "gnetId": 9614,
  "graphTooltip": 0,
  "id": null,
  "links": [],
  "panels": [
    {
      "collapsed": false,
      "gridPos": {
        "h": 1,
        "w": 24,
        "x": 0,
        "y": 0
      },
      "id": 122,
      "panels": [],
      "title": "Environment Metrics",
      "type": "row"
    },
    {
      "datasource": {
        "type": "prometheus",
        "uid": "${DS_PROMETHEUS}"
      },
      "description": "Status of the last NGINX Plus reload.",
      "fieldConfig": {
        "defaults": {
          "decimals": 0,
          "mappings": [
            {
              "options": {
                "0": {
                  "text": "Failure"
                },
                "1": {
                  "text": "Successful"
                }
              },
              "type": "value"
            },
            {
              "options": {
                "match": "null",
                "result": {
                  "text": "N/A"
                }
              },
              "type": "special"
            }
          ],
          "thresholds": {
            "mode": "absolute",
            "steps": [
              {
                "color": "rgb(228, 0, 43)",
                "value": null
              },
              {
                "color": "rgb(228, 0, 43)",
                "value": 0
              },
              {
                "color": "rgb(0, 150, 57)",
                "value": 1
              }
            ]
          },
          "unit": "none"
        },
        "overrides": []
      },
      "gridPos": {
        "h": 3,
        "w": 5,
        "x": 0,
        "y": 1
      },
      "id": 81,
      "links": [
        {
          "targetBlank": true,
          "title": "NGINX Plus Dashboard",
          "url": "http://127.0.0.1:8080/dashboard.html"
        }
      ],
      "maxDataPoints": 100,
      "options": {
        "colorMode": "background",
        "fieldOptions": {
          "calcs": [
            "lastNotNull"
          ]
        },
        "graphMode": "none",
        "justifyMode": "auto",
        "orientation": "auto",
        "percentChangeColorMode": "standard",
        "reduceOptions": {
          "calcs": [
            "mean"
          ],
          "fields": "",
          "values": false
        },
        "showPercentChange": false,
        "textMode": "auto",
        "wideLayout": true
      },
      "pluginVersion": "11.2.0",
      "targets": [
        {
          "datasource": {
            "type": "prometheus",
            "uid": "${DS_PROMETHEUS}"
          },
          "expr": "sum(nginx_ingress_controller_nginx_last_reload_status{class=~\"$class\", instance=~\"$instance\"})",
          "format": "time_series",
          "instant": true,
          "interval": "",
          "legendFormat": "",
          "refId": "A"
        }
      ],
      "title": "NGINX Plus Reload",
      "type": "stat"
    },
    {
      "datasource": {
        "type": "prometheus",
        "uid": "${DS_PROMETHEUS}"
      },
      "description": "Number of successful NGINX Plus reloads.",
      "fieldConfig": {
        "defaults": {
          "decimals": 0,
          "mappings": [
            {
              "options": {
                "match": "null",
                "result": {
                  "text": "N/A"
                }
              },
              "type": "special"
            }
          ],
          "thresholds": {
            "mode": "absolute",
            "steps": [
              {
                "color": "rgb(0, 150, 57)",
                "value": null
              }
            ]
          },
          "unit": "none"
        },
        "overrides": []
      },
      "gridPos": {
        "h": 6,
        "w": 3,
        "x": 5,
        "y": 1
      },
      "id": 83,
      "maxDataPoints": 100,
      "options": {
        "colorMode": "value",
        "fieldOptions": {
          "calcs": [
            "mean"
          ]
        },
        "graphMode": "none",
        "justifyMode": "auto",
        "orientation": "horizontal",
        "percentChangeColorMode": "standard",
        "reduceOptions": {
          "calcs": [
            "mean"
          ],
          "fields": "",
          "values": false
        },
        "showPercentChange": false,
        "textMode": "auto",
        "wideLayout": true
      },
      "pluginVersion": "11.2.0",
      "targets": [
        {
          "datasource": {
            "type": "prometheus",
            "uid": "${DS_PROMETHEUS}"
          },
          "expr": "sum(nginx_ingress_controller_nginx_reloads_total{class=~\"$class\", instance=~\"$instance\"})",
          "instant": true,
          "interval": "",
          "legendFormat": "",
          "refId": "A"
        }
      ],
      "title": "Reloads",
      "type": "stat"
    },
    {
      "datasource": {
        "type": "prometheus",
        "uid": "${DS_PROMETHEUS}"
      },
      "description": "Number of unsuccessful NGINX Plus reloads.",
      "fieldConfig": {
        "defaults": {
          "mappings": [
            {
              "options": {
                "match": "null",
                "result": {
                  "text": "N/A"
                }
              },
              "type": "special"
            }
          ],
          "thresholds": {
            "mode": "absolute",
            "steps": [
              {
                "color": "rgb(0, 150, 57)",
                "value": null
              },
              {
                "color": "rgb(228, 0, 43)",
                "value": 1
              }
            ]
          },
          "unit": "none"
        },
        "overrides": []
      },
      "gridPos": {
        "h": 6,
        "w": 3,
        "x": 8,
        "y": 1
      },
      "id": 106,
      "maxDataPoints": 100,
      "options": {
        "colorMode": "value",
        "fieldOptions": {
          "calcs": [
            "lastNotNull"
          ]
        },
        "graphMode": "none",
        "justifyMode": "auto",
        "orientation": "horizontal",
        "percentChangeColorMode": "standard",
        "reduceOptions": {
          "calcs": [
            "mean"
          ],
          "fields": "",
          "values": false
        },
        "showPercentChange": false,
        "textMode": "auto",
        "wideLayout": true
      },
      "pluginVersion": "11.2.0",
      "targets": [
        {
          "datasource": {
            "type": "prometheus",
            "uid": "${DS_PROMETHEUS}"
          },
          "expr": "sum(nginx_ingress_controller_nginx_reload_errors_total{class=~\"$class\", instance=~\"$instance\"})",
          "interval": "",
          "legendFormat": "",
          "refId": "A"
        }
      ],
      "title": "Reload Errors",
      "type": "stat"
    },
    {
      "datasource": {
        "type": "prometheus",
        "uid": "${DS_PROMETHEUS}"
      },
      "description": "Bytes received from clients and sent to clients.",
      "fieldConfig": {
        "defaults": {
          "color": {
            "mode": "palette-classic"
          },
          "custom": {
            "axisBorderShow": false,
            "axisCenteredZero": false,
            "axisColorMode": "text",
            "axisLabel": "",
            "axisPlacement": "auto",
            "barAlignment": 0,
            "barWidthFactor": 0.6,
            "drawStyle": "line",
            "fillOpacity": 50,
            "gradientMode": "opacity",
            "hideFrom": {
              "legend": false,
              "tooltip": false,
              "viz": false
            },
            "insertNulls": false,
            "lineInterpolation": "linear",
            "lineWidth": 2,
            "pointSize": 5,
            "scaleDistribution": {
              "type": "linear"
            },
            "showPoints": "never",
            "spanNulls": true,
            "stacking": {
              "group": "A",
              "mode": "none"
            },
            "thresholdsStyle": {
              "mode": "off"
            }
          },
          "links": [],
          "mappings": [],
          "thresholds": {
            "mode": "absolute",
            "steps": [
              {
                "color": "green",
                "value": null
              },
              {
                "color": "red",
                "value": 80
              }
            ]
          },
          "unit": "Bps"
        },
        "overrides": [
          {
            "matcher": {
              "id": "byName",
              "options": "Received"
            },
            "properties": [
              {
                "id": "color",
                "value": {
                  "fixedColor": "rgb(0, 150, 57)",
                  "mode": "fixed"
                }
              }
            ]
          },
          {
            "matcher": {
              "id": "byName",
              "options": "Sent"
            },
            "properties": [
              {
                "id": "color",
                "value": {
                  "fixedColor": "rgb(255, 255, 255)",
                  "mode": "fixed"
                }
              }
            ]
          }
        ]
      },
      "gridPos": {
        "h": 6,
        "w": 11,
        "x": 11,
        "y": 1
      },
      "id": 32,
      "options": {
        "legend": {
          "calcs": [
            "lastNotNull",
            "sum"
          ],
          "displayMode": "list",
          "placement": "bottom",
          "showLegend": true,
          "width": 250
        },
        "tooltip": {
          "mode": "multi",
          "sort": "none"
        }
      },
      "pluginVersion": "7.2.0",
      "targets": [
        {
          "datasource": {
            "type": "prometheus",
            "uid": "${DS_PROMETHEUS}"
          },
          "expr": "sum(rate(nginx_ingress_nginxplus_server_zone_received{class=~\"$class\", instance=~\"$instance\", server_zone=~\"$server_zone\"}[5m]))",
          "format": "time_series",
          "instant": false,
          "interval": "10s",
          "intervalFactor": 1,
          "legendFormat": "Received",
          "metric": "network",
          "refId": "C",
          "step": 10
        },
        {
          "datasource": {
            "type": "prometheus",
            "uid": "${DS_PROMETHEUS}"
          },
          "expr": "sum(rate(nginx_ingress_nginxplus_server_zone_sent{class=~\"$class\", instance=~\"$instance\", server_zone=~\"$server_zone\"}[5m]))",
          "format": "time_series",
          "hide": false,
          "interval": "10s",
          "intervalFactor": 1,
          "legendFormat": "Sent",
          "metric": "network",
          "refId": "D",
          "step": 10
        }
      ],
      "title": "Network I/O",
      "type": "timeseries"
    },
    {
      "datasource": {
        "type": "prometheus",
        "uid": "${DS_PROMETHEUS}"
      },
      "description": "Last controller reload milliseconds.",
      "fieldConfig": {
        "defaults": {
          "mappings": [],
          "thresholds": {
            "mode": "absolute",
            "steps": [
              {
                "color": "rgb(0, 150, 57)",
                "value": null
              }
            ]
          },
          "unit": "ms"
        },
        "overrides": []
      },
      "gridPos": {
        "h": 3,
        "w": 5,
        "x": 0,
        "y": 4
      },
      "id": 128,
      "options": {
        "colorMode": "value",
        "graphMode": "none",
        "justifyMode": "auto",
        "orientation": "auto",
        "percentChangeColorMode": "standard",
        "reduceOptions": {
          "calcs": [
            "mean"
          ],
          "fields": "",
          "values": false
        },
        "showPercentChange": false,
        "textMode": "auto",
        "wideLayout": true
      },
      "pluginVersion": "11.2.0",
      "targets": [
        {
          "datasource": {
            "type": "prometheus",
            "uid": "${DS_PROMETHEUS}"
          },
          "expr": "avg(nginx_ingress_controller_nginx_last_reload_milliseconds{class=~\"$class\", instance=~\"$instance\"})",
          "interval": "",
          "legendFormat": "",
          "refId": "A"
        }
      ],
      "title": "Last Reload Time",
      "type": "stat"
    },
    {
      "collapsed": true,
      "gridPos": {
        "h": 1,
        "w": 24,
        "x": 0,
        "y": 7
      },
      "id": 118,
      "panels": [
        {
          "datasource": {
            "type": "prometheus",
            "uid": "${DS_PROMETHEUS}"
          },
          "description": "Total http requests per second looking back over the last 5 minutes.",
          "fieldConfig": {
            "defaults": {
              "mappings": [
                {
                  "options": {
                    "match": "null",
                    "result": {
                      "text": "N/A"
                    }
                  },
                  "type": "special"
                }
              ],
              "thresholds": {
                "mode": "absolute",
                "steps": [
                  {
                    "color": "rgb(0, 150, 57)",
                    "value": null
                  }
                ]
              },
              "unit": "none"
            },
            "overrides": []
          },
          "gridPos": {
            "h": 5,
            "w": 10,
            "x": 0,
            "y": 8
          },
          "id": 20,
          "maxDataPoints": 100,
          "options": {
            "colorMode": "value",
            "graphMode": "area",
            "justifyMode": "auto",
            "orientation": "auto",
            "percentChangeColorMode": "standard",
            "reduceOptions": {
              "calcs": [
                "mean"
              ],
              "fields": "",
              "values": false
            },
            "showPercentChange": false,
            "textMode": "auto",
            "wideLayout": true
          },
          "pluginVersion": "11.2.0",
          "targets": [
            {
              "datasource": {
                "type": "prometheus",
                "uid": "${DS_PROMETHEUS}"
              },
              "expr": "sum(irate(nginx_ingress_nginxplus_http_requests_total{class=~\"$class\", instance=~\"$instance\"}[5m]))",
              "interval": "",
              "legendFormat": "",
              "refId": "A"
            }
          ],
          "title": "HTTP Request Volume",
          "type": "stat"
        },
        {
          "datasource": {
            "type": "prometheus",
            "uid": "${DS_PROMETHEUS}"
          },
          "description": "Total number of deployed Ingress .",
          "fieldConfig": {
            "defaults": {
              "decimals": 0,
              "mappings": [],
              "thresholds": {
                "mode": "absolute",
                "steps": [
                  {
                    "color": "rgb(0, 150, 57)",
                    "value": null
                  }
                ]
              },
              "unit": "none"
            },
            "overrides": []
          },
          "gridPos": {
            "h": 3,
            "w": 5,
            "x": 10,
            "y": 8
          },
          "id": 120,
          "options": {
            "colorMode": "value",
            "graphMode": "none",
            "justifyMode": "auto",
            "orientation": "horizontal",
            "percentChangeColorMode": "standard",
            "reduceOptions": {
              "calcs": [
                "mean"
              ],
              "fields": "",
              "values": false
            },
            "showPercentChange": false,
            "textMode": "auto",
            "wideLayout": true
          },
          "pluginVersion": "11.2.0",
          "targets": [
            {
              "datasource": {
                "type": "prometheus",
                "uid": "${DS_PROMETHEUS}"
              },
              "expr": "sum(nginx_ingress_controller_ingress_resources_total{class=~\"$class\", instance=~\"$instance\"})",
              "interval": "",
              "legendFormat": "",
              "refId": "A"
            }
          ],
          "title": "Ingress Count",
          "type": "stat"
        },
        {
          "datasource": {
            "type": "prometheus",
            "uid": "${DS_PROMETHEUS}"
          },
          "description": "Total http requests per second looking back over the last 5 minutes across all server zones.",
          "fieldConfig": {
            "defaults": {
              "mappings": [],
              "thresholds": {
                "mode": "absolute",
                "steps": [
                  {
                    "color": "rgb(0, 150, 57)",
                    "value": null
                  },
                  {
                    "color": "rgb(228, 0, 43)",
                    "value": 80
                  }
                ]
              }
            },
            "overrides": []
          },
          "gridPos": {
            "h": 5,
            "w": 9,
            "x": 15,
            "y": 8
          },
          "id": 86,
          "options": {
            "colorMode": "value",
            "graphMode": "area",
            "justifyMode": "auto",
            "orientation": "auto",
            "percentChangeColorMode": "standard",
            "reduceOptions": {
              "calcs": [
                "mean"
              ],
              "fields": "",
              "values": false
            },
            "showPercentChange": false,
            "textMode": "auto",
            "wideLayout": true
          },
          "pluginVersion": "11.2.0",
          "repeatDirection": "h",
          "targets": [
            {
              "datasource": {
                "type": "prometheus",
                "uid": "${DS_PROMETHEUS}"
              },
              "expr": "sum(irate(nginx_ingress_nginxplus_server_zone_requests{class=~\"$class\", instance=~\"$instance\", server_zone=~\"$server_zone\"}[5m]))",
              "format": "time_series",
              "hide": false,
              "instant": false,
              "interval": "",
              "intervalFactor": 5,
              "legendFormat": "{{ ingress }}",
              "metric": "network",
              "refId": "A",
              "step": 10
            }
          ],
          "title": "Zone Request Volume",
          "type": "stat"
        },
        {
          "datasource": {
            "type": "prometheus",
            "uid": "${DS_PROMETHEUS}"
          },
          "fieldConfig": {
            "defaults": {
              "mappings": [],
              "thresholds": {
                "mode": "absolute",
                "steps": [
                  {
                    "color": "rgb(0, 150, 57)",
                    "value": null
                  }
                ]
              }
            },
            "overrides": []
          },
          "gridPos": {
            "h": 3,
            "w": 5,
            "x": 10,
            "y": 11
          },
          "id": 140,
          "options": {
            "colorMode": "value",
            "graphMode": "none",
            "justifyMode": "center",
            "orientation": "auto",
            "percentChangeColorMode": "standard",
            "reduceOptions": {
              "calcs": [
                "mean"
              ],
              "fields": "",
              "values": false
            },
            "showPercentChange": false,
            "textMode": "auto",
            "wideLayout": true
          },
          "pluginVersion": "11.2.0",
          "targets": [
            {
              "datasource": {
                "type": "prometheus",
                "uid": "${DS_PROMETHEUS}"
              },
              "expr": "sum(nginx_ingress_controller_ingress_resources_total{class=~\"$class\", instance=~\"$instance\", type=\"master\"})",
              "interval": "",
              "legendFormat": "master",
              "refId": "A"
            },
            {
              "datasource": {
                "type": "prometheus",
                "uid": "${DS_PROMETHEUS}"
              },
              "expr": "sum(nginx_ingress_controller_ingress_resources_total{class=~\"$class\", instance=~\"$instance\", type=\"minion\"})",
              "interval": "",
              "legendFormat": "minion",
              "refId": "B"
            },
            {
              "datasource": {
                "type": "prometheus",
                "uid": "${DS_PROMETHEUS}"
              },
              "expr": "sum(nginx_ingress_controller_ingress_resources_total{class=~\"$class\", instance=~\"$instance\", type=\"regular\"})",
              "interval": "",
              "legendFormat": "regular",
              "refId": "C"
            }
          ],
          "title": "Handled Ingress Resources",
          "type": "stat"
        },
        {
          "datasource": {
            "type": "prometheus",
            "uid": "${DS_PROMETHEUS}"
          },
          "description": " 1|2|3xx response status codes.",
          "fieldConfig": {
            "defaults": {
              "color": {
                "mode": "palette-classic"
              },
              "custom": {
                "axisBorderShow": false,
                "axisCenteredZero": false,
                "axisColorMode": "text",
                "axisLabel": "",
                "axisPlacement": "auto",
                "barAlignment": 0,
                "barWidthFactor": 0.6,
                "drawStyle": "line",
                "fillOpacity": 50,
                "gradientMode": "opacity",
                "hideFrom": {
                  "legend": false,
                  "tooltip": false,
                  "viz": false
                },
                "insertNulls": false,
                "lineInterpolation": "linear",
                "lineWidth": 2,
                "pointSize": 5,
                "scaleDistribution": {
                  "type": "linear"
                },
                "showPoints": "never",
                "spanNulls": false,
                "stacking": {
                  "group": "A",
                  "mode": "none"
                },
                "thresholdsStyle": {
                  "mode": "off"
                }
              },
              "links": [],
              "mappings": [],
              "thresholds": {
                "mode": "absolute",
                "steps": [
                  {
                    "color": "green",
                    "value": null
                  },
                  {
                    "color": "red",
                    "value": 80
                  },
                  {
                    "color": "#EAB839",
                    "value": 90
                  },
                  {
                    "color": "#6ED0E0",
                    "value": 100
                  }
                ]
              },
              "unit": "cps"
            },
            "overrides": [
              {
                "matcher": {
                  "id": "byName",
                  "options": "Informational"
                },
                "properties": [
                  {
                    "id": "color",
                    "value": {
                      "fixedColor": "rgb(204, 204, 204)",
                      "mode": "fixed"
                    }
                  }
                ]
              },
              {
                "matcher": {
                  "id": "byName",
                  "options": "Redirection"
                },
                "properties": [
                  {
                    "id": "color",
                    "value": {
                      "fixedColor": "rgb(29, 156, 211)",
                      "mode": "fixed"
                    }
                  }
                ]
              },
              {
                "matcher": {
                  "id": "byName",
                  "options": "Success"
                },
                "properties": [
                  {
                    "id": "color",
                    "value": {
                      "fixedColor": "rgb(0, 150, 57)",
                      "mode": "fixed"
                    }
                  }
                ]
              }
            ]
          },
          "gridPos": {
            "h": 7,
            "w": 10,
            "x": 0,
            "y": 13
          },
          "id": 101,
          "options": {
            "legend": {
              "calcs": [
                "lastNotNull",
                "sum"
              ],
              "displayMode": "list",
              "placement": "bottom",
              "showLegend": true
            },
            "tooltip": {
              "mode": "multi",
              "sort": "none"
            }
          },
          "pluginVersion": "7.2.0",
          "targets": [
            {
              "datasource": {
                "type": "prometheus",
                "uid": "${DS_PROMETHEUS}"
              },
              "expr": "sum(rate(nginx_ingress_nginxplus_server_zone_responses{class=~\"$class\", instance=~\"$instance\", code=\"1xx\", server_zone=~\"$server_zone\"}[5m])) by (ingress)",
              "interval": "",
              "legendFormat": "Informational",
              "refId": "A"
            },
            {
              "datasource": {
                "type": "prometheus",
                "uid": "${DS_PROMETHEUS}"
              },
              "expr": "sum(rate(nginx_ingress_nginxplus_server_zone_responses{class=~\"$class\", instance=~\"$instance\", code=\"2xx\", server_zone=~\"$server_zone\"}[5m]))",
              "interval": "",
              "legendFormat": "Success",
              "refId": "B"
            },
            {
              "datasource": {
                "type": "prometheus",
                "uid": "${DS_PROMETHEUS}"
              },
              "expr": "sum(rate(nginx_ingress_nginxplus_server_zone_responses{class=~\"$class\", instance=~\"$instance\", code=\"3xx\", server_zone=~\"$server_zone\"}[5m]))",
              "format": "time_series",
              "hide": false,
              "instant": false,
              "interval": "",
              "intervalFactor": 1,
              "legendFormat": "Redirection",
              "metric": "container_memory_usage:sort_desc",
              "refId": "C",
              "step": 10
            }
          ],
          "title": "Success Rates Over Time",
          "type": "timeseries"
        },
        {
          "datasource": {
            "type": "prometheus",
            "uid": "${DS_PROMETHEUS}"
          },
          "description": " 4|5xx response status codes.",
          "fieldConfig": {
            "defaults": {
              "color": {
                "mode": "palette-classic"
              },
              "custom": {
                "axisBorderShow": false,
                "axisCenteredZero": false,
                "axisColorMode": "text",
                "axisLabel": "",
                "axisPlacement": "auto",
                "barAlignment": 0,
                "barWidthFactor": 0.6,
                "drawStyle": "line",
                "fillOpacity": 50,
                "gradientMode": "opacity",
                "hideFrom": {
                  "legend": false,
                  "tooltip": false,
                  "viz": false
                },
                "insertNulls": false,
                "lineInterpolation": "linear",
                "lineWidth": 2,
                "pointSize": 5,
                "scaleDistribution": {
                  "type": "linear"
                },
                "showPoints": "never",
                "spanNulls": true,
                "stacking": {
                  "group": "A",
                  "mode": "none"
                },
                "thresholdsStyle": {
                  "mode": "off"
                }
              },
              "links": [],
              "mappings": [],
              "thresholds": {
                "mode": "absolute",
                "steps": [
                  {
                    "color": "green",
                    "value": null
                  },
                  {
                    "color": "red",
                    "value": 80
                  }
                ]
              },
              "unit": "none"
            },
            "overrides": [
              {
                "matcher": {
                  "id": "byName",
                  "options": "4xx"
                },
                "properties": [
                  {
                    "id": "color",
                    "value": {
                      "fixedColor": "dark-red",
                      "mode": "fixed"
                    }
                  }
                ]
              },
              {
                "matcher": {
                  "id": "byName",
                  "options": "5xx"
                },
                "properties": [
                  {
                    "id": "color",
                    "value": {
                      "fixedColor": "dark-orange",
                      "mode": "fixed"
                    }
                  }
                ]
              },
              {
                "matcher": {
                  "id": "byName",
                  "options": "Client Errors"
                },
                "properties": [
                  {
                    "id": "color",
                    "value": {
                      "fixedColor": "rgb(242, 154, 54)",
                      "mode": "fixed"
                    }
                  }
                ]
              },
              {
                "matcher": {
                  "id": "byName",
                  "options": "Server Errors"
                },
                "properties": [
                  {
                    "id": "color",
                    "value": {
                      "fixedColor": "rgb(228, 0, 43)",
                      "mode": "fixed"
                    }
                  }
                ]
              },
              {
                "matcher": {
                  "id": "byName",
                  "options": "max - istio-proxy"
                },
                "properties": [
                  {
                    "id": "color",
                    "value": {
                      "fixedColor": "#890f02",
                      "mode": "fixed"
                    }
                  }
                ]
              },
              {
                "matcher": {
                  "id": "byName",
                  "options": "max - master"
                },
                "properties": [
                  {
                    "id": "color",
                    "value": {
                      "fixedColor": "#bf1b00",
                      "mode": "fixed"
                    }
                  }
                ]
              },
              {
                "matcher": {
                  "id": "byName",
                  "options": "max - prometheus"
                },
                "properties": [
                  {
                    "id": "color",
                    "value": {
                      "fixedColor": "#bf1b00",
                      "mode": "fixed"
                    }
                  }
                ]
              },
              {
                "matcher": {
                  "id": "byValue",
                  "options": {
                    "op": "gte",
                    "reducer": "allIsNull",
                    "value": 0
                  }
                },
                "properties": [
                  {
                    "id": "custom.hideFrom",
                    "value": {
                      "legend": true,
                      "tooltip": true,
                      "viz": false
                    }
                  }
                ]
              }
            ]
          },
          "gridPos": {
            "h": 7,
            "w": 9,
            "x": 15,
            "y": 13
          },
          "id": 87,
          "options": {
            "legend": {
              "calcs": [
                "lastNotNull",
                "sum"
              ],
              "displayMode": "list",
              "placement": "bottom",
              "showLegend": true,
              "width": 300
            },
            "tooltip": {
              "mode": "multi",
              "sort": "asc"
            }
          },
          "pluginVersion": "7.2.0",
          "targets": [
            {
              "datasource": {
                "type": "prometheus",
                "uid": "${DS_PROMETHEUS}"
              },
              "expr": "sum(rate(nginx_ingress_nginxplus_server_zone_responses{class=~\"$class\", instance=~\"$instance\", code=~\"[4].*\", server_zone=~\"$server_zone\"}[2m]))",
              "format": "time_series",
              "instant": false,
              "interval": "",
              "intervalFactor": 1,
              "legendFormat": "Client Errors",
              "metric": "container_memory_usage:sort_desc",
              "refId": "C",
              "step": 10
            },
            {
              "datasource": {
                "type": "prometheus",
                "uid": "${DS_PROMETHEUS}"
              },
              "expr": "sum(rate(nginx_ingress_nginxplus_server_zone_responses{class=~\"$class\", instance=~\"$instance\", code=~\"[5].*\", server_zone=~\"$server_zone\"}[2m]))",
              "format": "time_series",
              "instant": false,
              "interval": "",
              "intervalFactor": 1,
              "legendFormat": "Server Errors",
              "metric": "container_memory_usage:sort_desc",
              "refId": "D",
              "step": 10
            }
          ],
          "title": "Zone Error Rates Over Time",
          "type": "timeseries"
        },
        {
          "datasource": {
            "type": "prometheus",
            "uid": "${DS_PROMETHEUS}"
          },
          "description": "Current State of NGINX Ingress Controller.",
          "fieldConfig": {
            "defaults": {
              "mappings": [
                {
                  "options": {
                    "0": {
                      "text": "DOWN"
                    },
                    "1": {
                      "text": "UP"
                    }
                  },
                  "type": "value"
                }
              ],
              "thresholds": {
                "mode": "absolute",
                "steps": [
                  {
                    "color": "green",
                    "value": null
                  },
                  {
                    "color": "rgb(228, 0, 43)",
                    "value": 0
                  },
                  {
                    "color": "rgb(0, 150, 57)",
                    "value": 1
                  }
                ]
              }
            },
            "overrides": []
          },
          "gridPos": {
            "h": 3,
            "w": 5,
            "x": 10,
            "y": 14
          },
          "id": 132,
          "links": [
            {
              "targetBlank": true,
              "title": "NGINX Plus Dashboard",
              "url": "http://127.0.0.1:8080/dashboard.html#"
            }
          ],
          "options": {
            "colorMode": "background",
            "graphMode": "none",
            "justifyMode": "auto",
            "orientation": "horizontal",
            "percentChangeColorMode": "standard",
            "reduceOptions": {
              "calcs": [
                "mean"
              ],
              "fields": "",
              "values": false
            },
            "showPercentChange": false,
            "textMode": "auto",
            "wideLayout": true
          },
          "pluginVersion": "11.2.0",
          "targets": [
            {
              "datasource": {
                "type": "prometheus",
                "uid": "${DS_PROMETHEUS}"
              },
              "expr": "sum(nginx_ingress_nginxplus_up{class=~\"$class\", instance=~\"$instance\"})",
              "interval": "",
              "legendFormat": "",
              "refId": "A"
            }
          ],
          "title": "Ingress State",
          "type": "stat"
        },
        {
          "datasource": {
            "type": "prometheus",
            "uid": "${DS_PROMETHEUS}"
          },
          "description": "Non-4|5xx response status codes divided by total number of response status codes.",
          "fieldConfig": {
            "defaults": {
              "mappings": [
                {
                  "options": {
                    "match": "null",
                    "result": {
                      "text": "N/A"
                    }
                  },
                  "type": "special"
                }
              ],
              "max": 1,
              "min": 0,
              "thresholds": {
                "mode": "percentage",
                "steps": [
                  {
                    "color": "rgb(228, 0, 43)",
                    "value": null
                  },
                  {
                    "color": "rgb(242, 154, 54)",
                    "value": 90
                  },
                  {
                    "color": "rgb(255, 242, 0)",
                    "value": 95
                  },
                  {
                    "color": "rgb(0, 150, 57)",
                    "value": 99.9999
                  }
                ]
              },
              "unit": "percentunit"
            },
            "overrides": []
          },
          "gridPos": {
            "h": 3,
            "w": 5,
            "x": 10,
            "y": 17
          },
          "id": 21,
          "maxDataPoints": 100,
          "options": {
            "colorMode": "value",
            "graphMode": "none",
            "justifyMode": "auto",
            "orientation": "auto",
            "percentChangeColorMode": "standard",
            "reduceOptions": {
              "calcs": [
                "mean"
              ],
              "fields": "",
              "values": false
            },
            "showPercentChange": false,
            "textMode": "auto",
            "wideLayout": true
          },
          "pluginVersion": "11.2.0",
          "targets": [
            {
              "datasource": {
                "type": "prometheus",
                "uid": "${DS_PROMETHEUS}"
              },
              "expr": "sum(rate(nginx_ingress_nginxplus_server_zone_responses{class=~\"$class\", instance=~\"$instance\", code!~\"[4-5].*\", server_zone=~\"$server_zone\"}[5m])) / sum(rate(nginx_ingress_nginxplus_server_zone_responses{class=~\"$class\", instance=~\"$instance\", server_zone=~\"$server_zone\"}[5m]))",
              "format": "time_series",
              "hide": false,
              "interval": "",
              "intervalFactor": 1,
              "legendFormat": "",
              "refId": "B",
              "step": 4
            }
          ],
          "title": "Request Success Rate",
          "type": "stat"
        }
      ],
      "title": "Ingress Metrics",
      "type": "row"
    },
    {
      "collapsed": true,
      "gridPos": {
        "h": 1,
        "w": 24,
        "x": 0,
        "y": 8
      },
      "id": 134,
      "panels": [
        {
          "datasource": {
            "type": "prometheus",
            "uid": "${DS_PROMETHEUS}"
          },
          "description": "Upstream success rate Over Time.",
          "fieldConfig": {
            "defaults": {
              "color": {
                "mode": "palette-classic"
              },
              "custom": {
                "axisBorderShow": false,
                "axisCenteredZero": false,
                "axisColorMode": "text",
                "axisLabel": "",
                "axisPlacement": "auto",
                "barAlignment": 0,
                "barWidthFactor": 0.6,
                "drawStyle": "line",
                "fillOpacity": 50,
                "gradientMode": "opacity",
                "hideFrom": {
                  "legend": false,
                  "tooltip": false,
                  "viz": false
                },
                "insertNulls": false,
                "lineInterpolation": "linear",
                "lineWidth": 2,
                "pointSize": 5,
                "scaleDistribution": {
                  "type": "linear"
                },
                "showPoints": "never",
                "spanNulls": false,
                "stacking": {
                  "group": "A",
                  "mode": "none"
                },
                "thresholdsStyle": {
                  "mode": "off"
                }
              },
              "links": [],
              "mappings": [],
              "thresholds": {
                "mode": "absolute",
                "steps": [
                  {
                    "color": "green",
                    "value": null
                  },
                  {
                    "color": "red",
                    "value": 80
                  }
                ]
              },
              "unit": "short"
            },
            "overrides": [
              {
                "matcher": {
                  "id": "byName",
                  "options": "Informational"
                },
                "properties": [
                  {
                    "id": "color",
                    "value": {
                      "fixedColor": "rgb(204, 204, 204)",
                      "mode": "fixed"
                    }
                  }
                ]
              },
              {
                "matcher": {
                  "id": "byName",
                  "options": "Redirection"
                },
                "properties": [
                  {
                    "id": "color",
                    "value": {
                      "fixedColor": "rgb(78, 67, 164)",
                      "mode": "fixed"
                    }
                  }
                ]
              },
              {
                "matcher": {
                  "id": "byName",
                  "options": "Success"
                },
                "properties": [
                  {
                    "id": "color",
                    "value": {
                      "fixedColor": "rgb(0, 150, 57)",
                      "mode": "fixed"
                    }
                  }
                ]
              }
            ]
          },
          "gridPos": {
            "h": 6,
            "w": 11,
            "x": 0,
            "y": 21
          },
          "id": 136,
          "options": {
            "legend": {
              "calcs": [
                "lastNotNull",
                "sum"
              ],
              "displayMode": "list",
              "placement": "bottom",
              "showLegend": true
            },
            "tooltip": {
              "mode": "multi",
              "sort": "none"
            }
          },
          "pluginVersion": "7.2.0",
          "targets": [
            {
              "datasource": {
                "type": "prometheus",
                "uid": "${DS_PROMETHEUS}"
              },
              "expr": "sum(rate(nginx_ingress_nginxplus_upstream_server_responses{class=~\"$class\", instance=~\"$instance\", upstream=~\"$upstream\", code=\"1xx\"}[5m]))",
              "interval": "",
              "legendFormat": "Informational",
              "refId": "A"
            },
            {
              "datasource": {
                "type": "prometheus",
                "uid": "${DS_PROMETHEUS}"
              },
              "expr": "sum(rate(nginx_ingress_nginxplus_upstream_server_responses{class=~\"$class\", instance=~\"$instance\", upstream=~\"$upstream\", code=\"2xx\"}[5m]))",
              "interval": "",
              "legendFormat": "Success",
              "refId": "B"
            },
            {
              "datasource": {
                "type": "prometheus",
                "uid": "${DS_PROMETHEUS}"
              },
              "expr": "sum(rate(nginx_ingress_nginxplus_upstream_server_responses{class=~\"$class\", instance=~\"$instance\", upstream=~\"$upstream\", code=\"3xx\"}[5m]))",
              "interval": "",
              "legendFormat": "Redirection",
              "refId": "C"
            }
          ],
          "title": "Upstream Success Rate",
          "type": "timeseries"
        },
        {
          "datasource": {
            "type": "prometheus",
            "uid": "${DS_PROMETHEUS}"
          },
          "description": "Total number of upstream servers.",
          "fieldConfig": {
            "defaults": {
              "mappings": [],
              "thresholds": {
                "mode": "absolute",
                "steps": [
                  {
                    "color": "rgb(0, 150, 57)",
                    "value": null
                  }
                ]
              },
              "unit": "none"
            },
            "overrides": []
          },
          "gridPos": {
            "h": 3,
            "w": 3,
            "x": 11,
            "y": 21
          },
          "id": 124,
          "options": {
            "colorMode": "value",
            "graphMode": "none",
            "justifyMode": "center",
            "orientation": "horizontal",
            "percentChangeColorMode": "standard",
            "reduceOptions": {
              "calcs": [
                "mean"
              ],
              "fields": "",
              "values": false
            },
            "showPercentChange": false,
            "textMode": "auto",
            "wideLayout": true
          },
          "pluginVersion": "11.2.0",
          "targets": [
            {
              "datasource": {
                "type": "prometheus",
                "uid": "${DS_PROMETHEUS}"
              },
              "expr": "count(nginx_ingress_nginxplus_upstream_server_state{class=~\"$class\", instance=~\"$instance\", upstream=~\"$upstream\"})",
              "interval": "",
              "legendFormat": "",
              "refId": "A"
            }
          ],
          "title": "Upstream Server Count",
          "type": "stat"
        },
        {
          "datasource": {
            "type": "prometheus",
            "uid": "${DS_PROMETHEUS}"
          },
          "description": " 4|5xx Status Codes",
          "fieldConfig": {
            "defaults": {
              "color": {
                "mode": "palette-classic"
              },
              "custom": {
                "axisBorderShow": false,
                "axisCenteredZero": false,
                "axisColorMode": "text",
                "axisLabel": "",
                "axisPlacement": "auto",
                "barAlignment": 0,
                "barWidthFactor": 0.6,
                "drawStyle": "line",
                "fillOpacity": 50,
                "gradientMode": "opacity",
                "hideFrom": {
                  "legend": false,
                  "tooltip": false,
                  "viz": false
                },
                "insertNulls": false,
                "lineInterpolation": "linear",
                "lineWidth": 2,
                "pointSize": 5,
                "scaleDistribution": {
                  "type": "linear"
                },
                "showPoints": "never",
                "spanNulls": true,
                "stacking": {
                  "group": "A",
                  "mode": "none"
                },
                "thresholdsStyle": {
                  "mode": "off"
                }
              },
              "links": [],
              "mappings": [],
              "thresholds": {
                "mode": "absolute",
                "steps": [
                  {
                    "color": "green",
                    "value": null
                  },
                  {
                    "color": "red",
                    "value": 80
                  }
                ]
              },
              "unit": "short"
            },
            "overrides": [
              {
                "matcher": {
                  "id": "byName",
                  "options": "Client Errors"
                },
                "properties": [
                  {
                    "id": "color",
                    "value": {
                      "fixedColor": "rgb(204, 204, 204)",
                      "mode": "fixed"
                    }
                  }
                ]
              },
              {
                "matcher": {
                  "id": "byName",
                  "options": "Server Errors"
                },
                "properties": [
                  {
                    "id": "color",
                    "value": {
                      "fixedColor": "rgb(255, 242, 0)",
                      "mode": "fixed"
                    }
                  }
                ]
              }
            ]
          },
          "gridPos": {
            "h": 6,
            "w": 10,
            "x": 14,
            "y": 21
          },
          "id": 138,
          "options": {
            "legend": {
              "calcs": [
                "lastNotNull",
                "sum"
              ],
              "displayMode": "list",
              "placement": "bottom",
              "showLegend": true
            },
            "tooltip": {
              "mode": "multi",
              "sort": "asc"
            }
          },
          "pluginVersion": "7.2.0",
          "targets": [
            {
              "datasource": {
                "type": "prometheus",
                "uid": "${DS_PROMETHEUS}"
              },
              "expr": "sum(rate(nginx_ingress_nginxplus_upstream_server_responses{class=~\"$class\", instance=~\"$instance\", upstream=~\"$upstream\", code=~\"[4].*\"}[2m]))",
              "interval": "",
              "legendFormat": "Client Errors",
              "refId": "A"
            },
            {
              "datasource": {
                "type": "prometheus",
                "uid": "${DS_PROMETHEUS}"
              },
              "expr": "sum(rate(nginx_ingress_nginxplus_upstream_server_responses{class=~\"$class\", instance=~\"$instance\", upstream=~\"$upstream\", code=~\"[5].*\"}[2m]))",
              "interval": "",
              "legendFormat": "Server Errors",
              "refId": "B"
            }
          ],
          "title": "Upstream Error Rate",
          "type": "timeseries"
        },
        {
          "datasource": {
            "type": "prometheus",
            "uid": "${DS_PROMETHEUS}"
          },
          "description": "Current State of the upstream servers.",
          "fieldConfig": {
            "defaults": {
              "mappings": [
                {
                  "options": {
                    "0": {
                      "text": "DOWN"
                    }
                  },
                  "type": "value"
                },
                {
                  "options": {
                    "from": 1,
                    "result": {
                      "text": "UP"
                    },
                    "to": 10000
                  },
                  "type": "range"
                }
              ],
              "thresholds": {
                "mode": "absolute",
                "steps": [
                  {
                    "color": "green",
                    "value": null
                  },
                  {
                    "color": "rgb(228, 0, 43)",
                    "value": 0
                  },
                  {
                    "color": "rgb(0, 150, 57)",
                    "value": 1
                  }
                ]
              }
            },
            "overrides": []
          },
          "gridPos": {
            "h": 3,
            "w": 3,
            "x": 11,
            "y": 24
          },
          "id": 144,
          "options": {
            "colorMode": "background",
            "graphMode": "none",
            "justifyMode": "center",
            "orientation": "horizontal",
            "percentChangeColorMode": "standard",
            "reduceOptions": {
              "calcs": [
                "mean"
              ],
              "fields": "",
              "values": false
            },
            "showPercentChange": false,
            "textMode": "auto",
            "wideLayout": true
          },
          "pluginVersion": "11.2.0",
          "targets": [
            {
              "datasource": {
                "type": "prometheus",
                "uid": "${DS_PROMETHEUS}"
              },
              "expr": "sum(nginx_ingress_nginxplus_upstream_server_state{class=~\"$class\", instance=~\"$instance\", upstream=~\"$upstream\"})",
              "interval": "",
              "legendFormat": "",
              "refId": "A"
            }
          ],
          "title": "Upstream Server State",
          "type": "stat"
        }
      ],
      "title": "Upstream Metrics",
      "type": "row"
    },
    {
      "collapsed": true,
      "gridPos": {
        "h": 1,
        "w": 24,
        "x": 0,
        "y": 9
      },
      "id": 150,
      "panels": [
        {
          "datasource": {
            "type": "prometheus",
            "uid": "${DS_PROMETHEUS}"
          },
          "description": "",
          "fieldConfig": {
            "defaults": {
              "color": {
                "mode": "palette-classic"
              },
              "custom": {
                "axisBorderShow": false,
                "axisCenteredZero": false,
                "axisColorMode": "text",
                "axisLabel": "",
                "axisPlacement": "auto",
                "barAlignment": 0,
                "barWidthFactor": 0.6,
                "drawStyle": "line",
                "fillOpacity": 10,
                "gradientMode": "none",
                "hideFrom": {
                  "legend": false,
                  "tooltip": false,
                  "viz": false
                },
                "insertNulls": false,
                "lineInterpolation": "linear",
                "lineWidth": 1,
                "pointSize": 5,
                "scaleDistribution": {
                  "type": "linear"
                },
                "showPoints": "never",
                "spanNulls": false,
                "stacking": {
                  "group": "A",
                  "mode": "none"
                },
                "thresholdsStyle": {
                  "mode": "off"
                }
              },
              "links": [],
              "mappings": [],
              "thresholds": {
                "mode": "absolute",
                "steps": [
                  {
                    "color": "green",
                    "value": null
                  },
                  {
                    "color": "red",
                    "value": 80
                  }
                ]
              },
              "unit": "short"
            },
            "overrides": []
          },
          "gridPos": {
            "h": 6,
            "w": 24,
            "x": 0,
            "y": 28
          },
          "id": 111,
          "options": {
            "legend": {
              "calcs": [],
              "displayMode": "list",
              "placement": "bottom",
              "showLegend": true
            },
            "tooltip": {
              "mode": "multi",
              "sort": "none"
            }
          },
          "pluginVersion": "7.2.0",
          "targets": [
            {
              "datasource": {
                "type": "prometheus",
                "uid": "${DS_PROMETHEUS}"
              },
              "expr": "irate(nginx_ingress_nginxplus_ssl_handshakes{class=~\"$class\", instance=~\"$instance\"}[5m])",
              "format": "time_series",
              "interval": "",
              "legendFormat": "{{instance}} Handshakes",
              "refId": "A"
            },
            {
              "datasource": {
                "type": "prometheus",
                "uid": "${DS_PROMETHEUS}"
              },
              "expr": "irate(nginx_ingress_nginxplus_ssl_handshakes_failed{class=~\"$class\", instance=~\"$instance\"}[5m])",
              "format": "time_series",
              "legendFormat": "{{instance}} Failed",
              "refId": "B"
            },
            {
              "datasource": {
                "type": "prometheus",
                "uid": "${DS_PROMETHEUS}"
              },
              "expr": "irate(nginx_ingress_nginxplus_ssl_sessions_reuses{class=~\"$class\", instance=~\"$instance\"}[5m])",
              "format": "time_series",
              "legendFormat": "{{instance}} Reuses",
              "refId": "C"
            }
          ],
          "title": "SSL Performance",
          "type": "timeseries"
        }
      ],
      "title": "SSL Metrics",
      "type": "row"
    }
  ],
  "refresh": "",
  "schemaVersion": 39,
  "tags": [
    "nginx",
    "plus",
    "ingress"
  ],
  "templating": {
    "list": [
      {
        "allValue": ".*",
        "current": {},
        "datasource": {
          "type": "prometheus",
          "uid": "${DS_PROMETHEUS}"
        },
        "definition": "",
        "hide": 0,
        "includeAll": true,
        "label": "Class",
        "multi": true,
        "name": "class",
        "options": [],
        "query": "label_values(nginx_ingress_nginxplus_up, class)",
        "refresh": 1,
        "regex": "",
        "skipUrlSync": false,
        "sort": 0,
        "tagValuesQuery": "",
        "tagsQuery": "",
        "type": "query",
        "useTags": false
      },
      {
        "allValue": ".*",
        "current": {},
        "datasource": {
          "type": "prometheus",
          "uid": "${DS_PROMETHEUS}"
        },
        "definition": "",
        "hide": 0,
        "includeAll": true,
        "label": "Instance",
        "multi": true,
        "name": "instance",
        "options": [],
        "query": "label_values(nginx_ingress_nginxplus_up{class=~\"$class\"}, instance)",
        "refresh": 1,
        "regex": "",
        "skipUrlSync": false,
        "sort": 0,
        "tagValuesQuery": "",
        "tagsQuery": "",
        "type": "query",
        "useTags": false
      },
      {
        "allValue": ".*",
        "current": {},
        "datasource": {
          "type": "prometheus",
          "uid": "${DS_PROMETHEUS}"
        },
        "definition": "",
        "hide": 0,
        "includeAll": true,
        "label": "Server Zone",
        "multi": true,
        "name": "server_zone",
        "options": [],
        "query": "label_values(nginx_ingress_nginxplus_server_zone_processing{class=~\"$class\"}, server_zone)",
        "refresh": 1,
        "regex": "",
        "skipUrlSync": false,
        "sort": 1,
        "tagValuesQuery": "",
        "tagsQuery": "",
        "type": "query",
        "useTags": false
      },
      {
        "current": {},
        "datasource": {
          "type": "prometheus",
          "uid": "${DS_PROMETHEUS}"
        },
        "definition": "label_values(nginx_ingress_nginxplus_upstream_server_state,server)",
        "hide": 0,
        "includeAll": true,
        "label": "Server",
        "multi": true,
        "name": "server",
        "options": [],
        "query": "label_values(nginx_ingress_nginxplus_upstream_server_state,server)",
        "refresh": 2,
        "regex": "",
        "skipUrlSync": false,
        "sort": 1,
        "tagValuesQuery": "",
        "tagsQuery": "",
        "type": "query",
        "useTags": false
      },
      {
        "allValue": ".*",
        "current": {},
        "datasource": {
          "type": "prometheus",
          "uid": "${DS_PROMETHEUS}"
        },
        "definition": "",
        "hide": 0,
        "includeAll": true,
        "label": "Upstream Server",
        "multi": true,
        "name": "upstream",
        "options": [],
        "query": "label_values(nginx_ingress_nginxplus_upstream_server_state{class=~\"$class\"}, upstream)",
        "refresh": 2,
        "regex": "",
        "skipUrlSync": false,
        "sort": 1,
        "tagValuesQuery": "",
        "tagsQuery": "",
        "type": "query",
        "useTags": false
      }
    ]
  },
  "time": {
    "from": "now-1h",
    "to": "now"
  },
  "timepicker": {
    "refresh_intervals": [
      "10s",
      "30s",
      "2m",
      "5m",
      "15m",
      "30m",
      "1h",
      "2h",
      "1d"
    ],
    "time_options": [
      "5m",
      "15m",
      "1h",
      "6h",
      "12h",
      "24h",
      "2d",
      "7d",
      "30d"
    ]
  },
  "timezone": "browser",
  "title": "NGINX Plus Ingress Controller",
  "uid": "VUwGrLVMz",
  "version": 1,
  "weekStart": ""
}
